{"Albania":{"Freedom House":3.4444444444,"Invalid votes":2.396,"VAP Turnout":75.7311111111,"Voter Turnout":67.3977777778},"Andorra":{"Freedom House":1.0714285714,"Invalid votes":4.1816666667,"VAP Turnout":38.8285714286,"Voter Turnout":77.0871428571},"Austria":{"Freedom House":1.0,"Invalid votes":2.3781578947,"VAP Turnout":76.56375,"Voter Turnout":82.65475},"Belarus":{"Freedom House":6.0454545455,"Invalid votes":2.7,"VAP Turnout":71.8918181818,"Voter Turnout":77.9827272727},"Belgium":{"Freedom House":1.0476190476,"Invalid votes":6.8283333333,"VAP Turnout":85.123,"Voter Turnout":91.7966666667},"Bosnia and Herzegovina":{"Freedom House":4.0333333333,"Invalid votes":7.2011111111,"VAP Turnout":52.5526666667,"Voter Turnout":57.1993333333},"Bulgaria":{"Freedom House":2.0277777778,"Invalid votes":2.5494117647,"VAP Turnout":61.2344444444,"Voter Turnout":54.9811111111},"Croatia":{"Freedom House":2.34375,"Invalid votes":2.42625,"VAP Turnout":63.12625,"Voter Turnout":58.2941176471},"Cyprus":{"Freedom House":1.1944444444,"Invalid votes":3.1933333333,"VAP Turnout":61.3657894737,"Voter Turnout":82.1889473684},"Czech Republic":{"Freedom House":1.2857142857,"Invalid votes":0.6921428571,"VAP Turnout":59.4064285714,"Voter Turnout":59.4514285714},"Denmark":{"Freedom House":1.0,"Invalid votes":0.8852941176,"VAP Turnout":75.9070588235,"Voter Turnout":78.0291176471},"Estonia":{"Freedom House":1.3181818182,"Invalid votes":0.916,"VAP Turnout":47.3236363636,"Voter Turnout":57.0490909091},"Faroe Islands":{"Freedom House":null,"Invalid votes":0.4,"VAP Turnout":88.8525,"Voter Turnout":90.415},"Finland":{"Freedom House":1.28,"Invalid votes":0.766,"VAP Turnout":71.652972973,"Voter Turnout":69.3318918919},"France":{"Freedom House":1.3148148148,"Invalid votes":3.7486111111,"VAP Turnout":62.1347058824,"Voter Turnout":69.1324324324},"Germany":{"Freedom House":1.25,"Invalid votes":1.8354545455,"VAP Turnout":70.4458333333,"Voter Turnout":73.92},"Gibraltar":{"Freedom House":null,"Invalid votes":null,"VAP Turnout":78.475,"Voter Turnout":76.64},"Greece":{"Freedom House":1.7619047619,"Invalid votes":1.584,"VAP Turnout":79.0653333333,"Voter Turnout":74.9521428571},"Hungary":{"Freedom House":1.5,"Invalid votes":0.891,"VAP Turnout":57.8518181818,"Voter Turnout":57.1627272727},"Iceland":{"Freedom House":1.0,"Invalid votes":1.6448275862,"VAP Turnout":85.2068965517,"Voter Turnout":85.4879310345},"Ireland":{"Freedom House":0.9464285714,"Invalid votes":1.5582352941,"VAP Turnout":65.0420588235,"Voter Turnout":64.2114285714},"Italy":{"Freedom House":1.3333333333,"Invalid votes":5.057037037,"VAP Turnout":84.9022222222,"Voter Turnout":83.192962963},"Kosovo":{"Freedom House":4.6,"Invalid votes":5.102,"VAP Turnout":60.68,"Voter Turnout":44.46},"Latvia":{"Freedom House":1.6538461538,"Invalid votes":0.9558333333,"VAP Turnout":50.53,"Voter Turnout":62.2992307692},"Liechtenstein":{"Freedom House":1.3125,"Invalid votes":1.1252631579,"VAP Turnout":63.701,"Voter Turnout":90.6065},"Lithuania":{"Freedom House":1.46875,"Invalid votes":3.578125,"VAP Turnout":50.843125,"Voter Turnout":54.6747058824},"Luxembourg":{"Freedom House":1.0277777778,"Invalid votes":7.1620833333,"VAP Turnout":62.6820833333,"Voter Turnout":89.5329166667},"Macedonia. former Yugoslav Republic (1993-)":{"Freedom House":3.1153846154,"Invalid votes":4.325,"VAP Turnout":68.2846153846,"Voter Turnout":65.0814285714},"Malta":{"Freedom House":1.2307692308,"Invalid votes":1.0433333333,"VAP Turnout":81.5042857143,"Voter Turnout":87.8728571429},"Moldova. Republic of":{"Freedom House":3.3888888889,"Invalid votes":2.1075,"VAP Turnout":56.3755555556,"Voter Turnout":65.14},"Monaco":{"Freedom House":1.7857142857,"Invalid votes":4.2054545455,"VAP Turnout":15.2518181818,"Voter Turnout":72.5463636364},"Montenegro":{"Freedom House":2.8571428571,"Invalid votes":1.97625,"VAP Turnout":63.13,"Voter Turnout":65.88875},"Netherlands":{"Freedom House":1.0,"Invalid votes":1.0096666667,"VAP Turnout":70.435,"Voter Turnout":73.5266666667},"Norway":{"Freedom House":1.0,"Invalid votes":0.4342105263,"VAP Turnout":78.2842105263,"Voter Turnout":79.8210526316},"Poland":{"Freedom House":2.2045454545,"Invalid votes":1.8538461538,"VAP Turnout":48.0755555556,"Voter Turnout":63.3914814815},"Portugal":{"Freedom House":1.3548387097,"Invalid votes":2.911,"VAP Turnout":67.7006451613,"Voter Turnout":62.9574193548},"Romania":{"Freedom House":2.2666666667,"Invalid votes":4.2969230769,"VAP Turnout":53.846,"Voter Turnout":54.625},"Russian Federation":{"Freedom House":4.8571428571,"Invalid votes":1.3138461538,"VAP Turnout":61.0592857143,"Voter Turnout":63.105},"San Marino":{"Freedom House":1.0,"Invalid votes":3.8055555556,"VAP Turnout":83.7818181818,"Voter Turnout":73.87},"Serbia":{"Freedom House":2.2777777778,"Invalid votes":2.0714285714,"VAP Turnout":65.98375,"Voter Turnout":56.2533333333},"Slovakia":{"Freedom House":1.375,"Invalid votes":1.5806666667,"VAP Turnout":57.049375,"Voter Turnout":57.118125},"Slovenia":{"Freedom House":1.21875,"Invalid votes":2.924375,"VAP Turnout":60.3258823529,"Voter Turnout":57.84125},"Spain":{"Freedom House":1.325,"Invalid votes":1.5485,"VAP Turnout":66.675,"Voter Turnout":66.581},"Sweden":{"Freedom House":1.0,"Invalid votes":1.0896296296,"VAP Turnout":75.1551851852,"Voter Turnout":77.6525925926},"Switzerland":{"Freedom House":1.0,"Invalid votes":1.6427777778,"VAP Turnout":46.135,"Voter Turnout":54.9861111111},"Ukraine":{"Freedom House":3.2916666667,"Invalid votes":2.9533333333,"VAP Turnout":65.3741666667,"Voter Turnout":67.4241666667},"United Kingdom":{"Freedom House":1.1315789474,"Invalid votes":0.4666666667,"VAP Turnout":59.9366666667,"Voter Turnout":61.3885185185},"Yugoslavia. FR\/Union of Serbia and Montenegro":{"Freedom House":2.625,"Invalid votes":3.0714285714,"VAP Turnout":54.7233333333,"Voter Turnout":55.97375},"Yugoslavia. SFR (1943-1992)":{"Freedom House":null,"Invalid votes":11.0,"VAP Turnout":74.39,"Voter Turnout":81.51}}